{
  "name": "hammerjs",
  "main": "hammer.js",
  "ignore": [
    "tests",
    "src",
    ".bowerrc",
    ".gitignore",
    ".jscsrc",
    ".jshintrc",
    ".travis.yml",
    "component.json",
    "Gruntfile.coffee",
    "package.json"
  ],
  "homepage": "https://github.com/EightMedia/hammer.js",
  "version": "2.0.7",
  "_release": "2.0.7",
  "_resolution": {
    "type": "version",
    "tag": "v2.0.7",
    "commit": "f2e4c826df0117c5c927618a1b335c20681e6978"
  },
  "_source": "https://github.com/EightMedia/hammer.js.git",
  "_target": "~2.0.4",
  "_originalSource": "hammerjs"
}